username,month,predicted_hours,year
Kelly,Jan,3870.4640313390337,2025
Kelly,Feb,3869.9663623413617,2025
Kelly,Mar,3869.4686933436933,2025
Kelly,Apr,3868.971024346025,2025
Kelly,May,3868.4733553483566,2025
Tara,Jun,3883.2368071743113,2025
Tara,Jul,3898.5363409738457,2025
Tara,Aug,3913.83587477338,2025
Tara,Sep,3929.1354085729145,2025
Tara,Oct,3944.434942372445,2025
Tara,Nov,3959.7344761719796,2025
Tara,Dec,3975.034009971514,2025
