username,month,predicted_hours,year
user31,Jan,2841.072605121559,2025
user31,Feb,2845.1253189786576,2025
user31,Mar,2820.1724472850133,2025
user17,Apr,2791.273431756777,2025
user41,May,2801.867918572506,2025
user25,Jun,2836.036692968802,2025
user25,Jul,2889.468636495917,2025
user25,Aug,2927.470644544716,2025
user25,Sep,2939.8601097477626,2025
user25,Oct,2923.317284909247,2025
user41,Nov,2882.482081427494,2025
user34,Dec,2865.8141903907785,2025
