username,month,predicted_hours,year
Grace,Jan,3943.900271318917,2025
Hank,Feb,3645.1102762028054,2025
Sam,Mar,4077.987898732362,2025
Charlie,Apr,3867.4888030481943,2025
Liam,May,4126.4365128802565,2025
Jack,Jun,3923.3429543813995,2025
Jack,Jul,4036.7014034000185,2025
Hank,Aug,4050.5450464255828,2025
Charlie,Sep,3898.1490895985266,2025
Frank,Oct,4015.4547993086126,2025
Peter,Nov,3906.620834096349,2025
Sam,Dec,4188.371580559017,2025
