username,month,predicted_hours,year
user31,Jan,2821.2700219783874,2024
user31,Feb,2800.5206951008004,2024
user17,Mar,2831.511295071872,2024
user17,Apr,2913.4947547657684,2024
user17,May,2925.667690737948,2024
user43,Jun,2902.3218080584484,2024
user25,Jul,2905.9455291407066,2024
user25,Aug,2951.7611491290154,2024
user25,Sep,2963.577727927477,2024
user25,Oct,2938.2290227897465,2024
user29,Nov,2884.530206652824,2024
user29,Dec,2844.354834144673,2024
