username,month,predicted_hours,year
user31,Jan,2841.0726051215606,2025
user31,Feb,2845.125318978651,2025
user31,Mar,2820.1724472850037,2025
user17,Apr,2791.2734317567774,2025
user41,May,2801.867918572505,2025
user25,Jun,2836.0366929688025,2025
user25,Jul,2889.4686364959052,2025
user25,Aug,2927.4706445446936,2025
user25,Sep,2939.860109747766,2025
user25,Oct,2923.3172849092516,2025
user41,Nov,2882.4820814274717,2025
user34,Dec,2865.8141903907817,2025
