username,month,predicted_hours,year
user47,Jan,2706.4890723738426,2025
user47,Feb,2687.1923196624375,2025
user41,Mar,2671.924755562508,2025
user2,Apr,2731.8696023337143,2025
user2,May,2773.3897105842225,2025
user2,Jun,2777.9279316286775,2025
user2,Jul,2744.2682528031364,2025
user18,Aug,2726.7179168670045,2025
user18,Sep,2719.1980812988586,2025
user18,Oct,2692.8347012421946,2025
user22,Nov,2682.1968718618264,2025
user47,Dec,2703.8543471781995,2025
